<?xml version="1.0" encoding="UTF-8"?>
<GenRun Id="impl_1" LaunchPart="xc7a35tcsg324-1" LaunchTime="1704207733">
  <File Type="PWROPT-DCP" Name="Piano_Controller_pwropt.dcp"/>
  <File Type="ROUTE-PWR" Name="Piano_Controller_power_routed.rpt"/>
  <File Type="PA-TCL" Name="Piano_Controller.tcl"/>
  <File Type="ROUTE-PWR-SUM" Name="Piano_Controller_power_summary_routed.pb"/>
  <File Type="REPORTS-TCL" Name="Piano_Controller_reports.tcl"/>
  <File Type="BG-DRC" Name="Piano_Controller.drc"/>
  <File Type="OPT-METHODOLOGY-DRC" Name="Piano_Controller_methodology_drc_opted.rpt"/>
  <File Type="INIT-TIMING" Name="Piano_Controller_timing_summary_init.rpt"/>
  <File Type="OPT-HWDEF" Name="Piano_Controller.hwdef"/>
  <File Type="OPT-DCP" Name="Piano_Controller_opt.dcp"/>
  <File Type="OPT-DRC" Name="Piano_Controller_drc_opted.rpt"/>
  <File Type="OPT-TIMING" Name="Piano_Controller_timing_summary_opted.rpt"/>
  <File Type="PWROPT-DRC" Name="Piano_Controller_drc_pwropted.rpt"/>
  <File Type="PWROPT-TIMING" Name="Piano_Controller_timing_summary_pwropted.rpt"/>
  <File Type="PLACE-DCP" Name="Piano_Controller_placed.dcp"/>
  <File Type="PLACE-IO" Name="Piano_Controller_io_placed.rpt"/>
  <File Type="PLACE-CLK" Name="Piano_Controller_clock_utilization_placed.rpt"/>
  <File Type="PLACE-UTIL" Name="Piano_Controller_utilization_placed.rpt"/>
  <File Type="PLACE-UTIL-PB" Name="Piano_Controller_utilization_placed.pb"/>
  <File Type="PLACE-CTRL" Name="Piano_Controller_control_sets_placed.rpt"/>
  <File Type="PLACE-SIMILARITY" Name="Piano_Controller_incremental_reuse_placed.rpt"/>
  <File Type="PLACE-PRE-SIMILARITY" Name="Piano_Controller_incremental_reuse_pre_placed.rpt"/>
  <File Type="PLACE-TIMING" Name="Piano_Controller_timing_summary_placed.rpt"/>
  <File Type="POSTPLACE-PWROPT-DCP" Name="Piano_Controller_postplace_pwropt.dcp"/>
  <File Type="POSTPLACE-PWROPT-TIMING" Name="Piano_Controller_timing_summary_postplace_pwropted.rpt"/>
  <File Type="PHYSOPT-DCP" Name="Piano_Controller_physopt.dcp"/>
  <File Type="PHYSOPT-DRC" Name="Piano_Controller_drc_physopted.rpt"/>
  <File Type="BG-BIT" Name="Piano_Controller.bit"/>
  <File Type="PHYSOPT-TIMING" Name="Piano_Controller_timing_summary_physopted.rpt"/>
  <File Type="ROUTE-ERROR-DCP" Name="Piano_Controller_routed_error.dcp"/>
  <File Type="ROUTE-DCP" Name="Piano_Controller_routed.dcp"/>
  <File Type="ROUTE-BLACKBOX-DCP" Name="Piano_Controller_routed_bb.dcp"/>
  <File Type="ROUTE-DRC" Name="Piano_Controller_drc_routed.rpt"/>
  <File Type="ROUTE-DRC-PB" Name="Piano_Controller_drc_routed.pb"/>
  <File Type="BITSTR-MSK" Name="Piano_Controller.msk"/>
  <File Type="ROUTE-DRC-RPX" Name="Piano_Controller_drc_routed.rpx"/>
  <File Type="BG-BGN" Name="Piano_Controller.bgn"/>
  <File Type="ROUTE-METHODOLOGY-DRC" Name="Piano_Controller_methodology_drc_routed.rpt"/>
  <File Type="BITSTR-RBT" Name="Piano_Controller.rbt"/>
  <File Type="ROUTE-METHODOLOGY-DRC-RPX" Name="Piano_Controller_methodology_drc_routed.rpx"/>
  <File Type="BG-BIN" Name="Piano_Controller.bin"/>
  <File Type="ROUTE-METHODOLOGY-DRC-PB" Name="Piano_Controller_methodology_drc_routed.pb"/>
  <File Type="ROUTE-PWR-RPX" Name="Piano_Controller_power_routed.rpx"/>
  <File Type="ROUTE-STATUS" Name="Piano_Controller_route_status.rpt"/>
  <File Type="ROUTE-STATUS-PB" Name="Piano_Controller_route_status.pb"/>
  <File Type="ROUTE-TIMINGSUMMARY" Name="Piano_Controller_timing_summary_routed.rpt"/>
  <File Type="ROUTE-TIMING-PB" Name="Piano_Controller_timing_summary_routed.pb"/>
  <File Type="ROUTE-TIMING-RPX" Name="Piano_Controller_timing_summary_routed.rpx"/>
  <File Type="ROUTE-SIMILARITY" Name="Piano_Controller_incremental_reuse_routed.rpt"/>
  <File Type="RDI-RDI" Name="Piano_Controller.vdi"/>
  <File Type="ROUTE-CLK" Name="Piano_Controller_clock_utilization_routed.rpt"/>
  <File Type="POSTROUTE-PHYSOPT-DCP" Name="Piano_Controller_postroute_physopt.dcp"/>
  <File Type="POSTROUTE-PHYSOPT-BLACKBOX-DCP" Name="Piano_Controller_postroute_physopt_bb.dcp"/>
  <File Type="POSTROUTE-PHYSOPT-TIMING" Name="Piano_Controller_timing_summary_postroute_physopted.rpt"/>
  <File Type="POSTROUTE-PHYSOPT-TIMING-PB" Name="Piano_Controller_timing_summary_postroute_physopted.pb"/>
  <File Type="POSTROUTE-PHYSOPT-TIMING-RPX" Name="Piano_Controller_timing_summary_postroute_physopted.rpx"/>
  <File Type="BITSTR-NKY" Name="Piano_Controller.nky"/>
  <File Type="BITSTR-BMM" Name="Piano_Controller_bd.bmm"/>
  <File Type="BITSTR-MMI" Name="Piano_Controller.mmi"/>
  <File Type="BITSTR-LTX" Name="debug_nets.ltx"/>
  <File Type="BITSTR-LTX" Name="Piano_Controller.ltx"/>
  <File Type="BITSTR-SYSDEF" Name="Piano_Controller.sysdef"/>
  <File Type="WBT-USG" Name="usage_statistics_webtalk.html"/>
  <FileSet Name="sources" Type="DesignSrcs" RelSrcDir="$PSRCDIR/sources_1">
    <Filter Type="Srcs"/>
    <File Path="$PSRCDIR/sources_1/new/Connstants.vh">
      <FileInfo>
        <Attr Name="IsGlobalInclude" Val="1"/>
        <Attr Name="UsedIn" Val="synthesis"/>
        <Attr Name="UsedIn" Val="simulation"/>
      </FileInfo>
    </File>
    <File Path="$PSRCDIR/sources_1/new/Auto_play.v">
      <FileInfo>
        <Attr Name="UsedIn" Val="synthesis"/>
        <Attr Name="UsedIn" Val="implementation"/>
        <Attr Name="UsedIn" Val="simulation"/>
      </FileInfo>
    </File>
    <File Path="$PSRCDIR/sources_1/new/Buzzer.v">
      <FileInfo>
        <Attr Name="UsedIn" Val="synthesis"/>
        <Attr Name="UsedIn" Val="implementation"/>
        <Attr Name="UsedIn" Val="simulation"/>
      </FileInfo>
    </File>
    <File Path="$PSRCDIR/sources_1/new/Debounce.v">
      <FileInfo>
        <Attr Name="UsedIn" Val="synthesis"/>
        <Attr Name="UsedIn" Val="implementation"/>
        <Attr Name="UsedIn" Val="simulation"/>
      </FileInfo>
    </File>
    <File Path="$PSRCDIR/sources_1/new/Fre_div.v">
      <FileInfo>
        <Attr Name="UsedIn" Val="synthesis"/>
        <Attr Name="UsedIn" Val="implementation"/>
        <Attr Name="UsedIn" Val="simulation"/>
      </FileInfo>
    </File>
    <File Path="$PSRCDIR/sources_1/new/Free_play.v">
      <FileInfo>
        <Attr Name="UsedIn" Val="synthesis"/>
        <Attr Name="UsedIn" Val="implementation"/>
        <Attr Name="UsedIn" Val="simulation"/>
      </FileInfo>
    </File>
    <File Path="$PSRCDIR/sources_1/new/Led.v">
      <FileInfo>
        <Attr Name="UsedIn" Val="synthesis"/>
        <Attr Name="UsedIn" Val="implementation"/>
        <Attr Name="UsedIn" Val="simulation"/>
      </FileInfo>
    </File>
    <File Path="$PSRCDIR/sources_1/new/Library.v">
      <FileInfo>
        <Attr Name="UsedIn" Val="synthesis"/>
        <Attr Name="UsedIn" Val="implementation"/>
        <Attr Name="UsedIn" Val="simulation"/>
      </FileInfo>
    </File>
    <File Path="$PSRCDIR/sources_1/new/Light_seg.v">
      <FileInfo>
        <Attr Name="UsedIn" Val="synthesis"/>
        <Attr Name="UsedIn" Val="implementation"/>
        <Attr Name="UsedIn" Val="simulation"/>
      </FileInfo>
    </File>
    <File Path="$PSRCDIR/sources_1/new/Studymode.v">
      <FileInfo>
        <Attr Name="UsedIn" Val="synthesis"/>
        <Attr Name="UsedIn" Val="implementation"/>
        <Attr Name="UsedIn" Val="simulation"/>
      </FileInfo>
    </File>
    <File Path="$PSRCDIR/sources_1/new/Piano_Controller.v">
      <FileInfo>
        <Attr Name="UsedIn" Val="synthesis"/>
        <Attr Name="UsedIn" Val="implementation"/>
        <Attr Name="UsedIn" Val="simulation"/>
      </FileInfo>
    </File>
    <Config>
      <Option Name="DesignMode" Val="RTL"/>
      <Option Name="TopModule" Val="Piano_Controller"/>
      <Option Name="TopAutoSet" Val="TRUE"/>
    </Config>
  </FileSet>
  <FileSet Name="constrs_in" Type="Constrs" RelSrcDir="$PSRCDIR/constrs_1">
    <Filter Type="Constrs"/>
    <File Path="$PSRCDIR/constrs_1/new/MIni_piano_cons.xdc">
      <FileInfo>
        <Attr Name="UsedIn" Val="synthesis"/>
        <Attr Name="UsedIn" Val="implementation"/>
      </FileInfo>
    </File>
    <Config>
      <Option Name="ConstrsType" Val="XDC"/>
    </Config>
  </FileSet>
  <Strategy Version="1" Minor="2">
    <StratHandle Name="Vivado Implementation Defaults" Flow="Vivado Implementation 2017"/>
    <Step Id="init_design"/>
    <Step Id="opt_design"/>
    <Step Id="power_opt_design"/>
    <Step Id="place_design"/>
    <Step Id="post_place_power_opt_design"/>
    <Step Id="phys_opt_design"/>
    <Step Id="route_design"/>
    <Step Id="post_route_phys_opt_design"/>
    <Step Id="write_bitstream"/>
  </Strategy>
</GenRun>
